name,id,email
Eve Carroll,24445665,ecarroll@email.com
Carter Pennington,54782842,cpennington@email.com
Vanna Berry,54948024,vberry@email.com
Ulysses Spears,47219285,uspears@email.com
Zoe Santana,04711045,zsantana@email.com
Perry Wise,87968308,pwise@email.com
Harding Franco,34721954,hfranco@email.com
Quentin Velasquez,76141666,qvelasquez@email.com
Yvette Orr,02700835,yorr@email.com
Sheila Dawson,16049867,sdawson@email.com
Vincent Galloway,55051992,vgalloway@email.com
Emerald Velez,47279765,evelez@email.com
Seth Morales,25014434,smorales@email.com
Desirae Copeland,12228460,dcopeland@email.com
Olga Stevenson,93030175,ostevenson@email.com
Stone Gilmore,63768000,sgilmore@email.com
Teegan Yang,55246318,tyang@email.com
Jesse Morgan,89016880,jmorgan@email.com
Yeo Schneider,73282686,yschneider@email.com
Gloria Thompson,51700885,gthompson@email.com